imagePath,label
image0829.jpg,1
image3535.jpg,1
image3653.jpg,1
image1465.jpg,0
image0301.jpg,1
image0203.jpg,1
image1137.jpg,1
image3660.jpg,1
image2437.jpg,0
77image0076.jpg,1
image2317.jpg,1
image0614.jpg,1
193image31.jpg,1
13image67.jpg,0
image2613.jpg,1
image3163.jpg,0
96image60.jpg,1
image1082.jpg,1
image2680.jpg,1
image3732.jpg,1
image3578.jpg,0
image0352.jpg,1
image3537.jpg,1
image2605.jpg,1
image3396.jpg,1
image3828.jpg,1
image2063.jpg,1
image0291.jpg,1
94image17.jpg,1
image3211.jpg,1
91image74.jpg,0
231image27.jpg,0
image0636.jpg,1
normal_23.jpg,0
image1194.jpg,1
image3042.jpg,0
image2936.jpg,0
image0851.jpg,1
image1075.jpg,1
186image1.jpg,1
255image31.jpg,1
image0642.jpg,1
image2956.jpg,1
image0272.jpg,1
image0531.jpg,1
image3694.jpg,0
image3698.jpg,0
image3240.jpg,1
image1710.jpg,1
image2665.jpg,1
91image7.jpg,0
91image43.jpg,1
41image0006.jpg,1
image3767.jpg,1
86image25.jpg,1
image0547.jpg,1
image2436.jpg,0
10image17.jpg,0
image1715.jpg,1
image1398.jpg,1
image3462.jpg,0
image3069.jpg,0
image3825.jpg,1
image0698.jpg,1
18image4.jpg,1
image3282.jpg,0
image0687.jpg,1
154image6.jpg,1
image2803.jpg,0
image3222.jpg,0
100image13.jpg,0
image0859.jpg,0
image2805.jpg,0
image0569.jpg,1
148image34.jpg,1
image0971.jpg,1
188image5.jpg,1
image3473.jpg,0
image2524.jpg,1
image3295.jpg,0
image2627.jpg,0
image3053.jpg,0
image1396.jpg,1
image0354.jpg,1
image1061.jpg,1
image1196.jpg,1
image1473.jpg,1
image3741.jpg,1
image0121.jpg,1
image2743.jpg,0
image2648.jpg,1
image2662.jpg,1
image0276.jpg,1
99image32.jpg,1
image2784.jpg,0
image0247.jpg,1
image3463.jpg,0
image2596.jpg,1
image0805.jpg,1
75image0057.jpg,1
image3171.jpg,1
16image27.jpg,0
image0823.jpg,1
image3713.jpg,1
image3596.jpg,1
image3548.jpg,1
image1035.jpg,1
normal_26.jpg,0
image2606.jpg,1
image0057.jpg,1
image1638.jpg,1
9image59.jpg,0
image2565.jpg,1
image1796.jpg,0
image1049.jpg,1
image1971.jpg,1
241image8.jpg,1
image1012.jpg,1
image0525.jpg,1
image0817.jpg,1
image2087.jpg,1
image1667.jpg,1
image1812.jpg,1
196image77.jpg,1
image3638.jpg,0
image1400.jpg,1
image0941.jpg,0
image0739.jpg,1
image1290.jpg,1
image0296.jpg,1
60image0075.jpg,1
image1384.jpg,1
106image7.jpg,0
image0273.jpg,1
image0322.jpg,1
image1681.jpg,0
image0356.jpg,0
image1056.jpg,1
59image21.jpg,1
image0540.jpg,1
4image70.jpg,0
image2597.jpg,0
image0345.jpg,1
57image38.jpg,1
image1815.jpg,1
image3632.jpg,0
9image0043.jpg,1
90image27.jpg,1
image1789.jpg,1
image0375.jpg,1
image3150.jpg,1
35image0016.jpg,1
image2083.jpg,1
image3262.jpg,1
image0632.jpg,1
image3779.jpg,1
image3506.jpg,0
image3248.jpg,1
image3499.jpg,1
image1917.jpg,1
image1952.jpg,1
image3085.jpg,0
24image35.jpg,0
image0201.jpg,1
185image11.jpg,1
image1021.jpg,1
image0840.jpg,1
image2672.jpg,1
image3050.jpg,1
image2245.jpg,1
image0202.jpg,1
image1953.jpg,1
image1687.jpg,1
image0983.jpg,1
image1180.jpg,1
92image53.jpg,0
image1652.jpg,0
image0329.jpg,1
91image91.jpg,1
image3554.jpg,0
image3215.jpg,1
108image0081.jpg,1
141image0125.jpg,0
212image10.jpg,1
585image4.jpg,0
image0325.jpg,0
image3802.jpg,1
118image1.jpg,0
132image0118.jpg,0
image0466.jpg,0
image0524.jpg,1
image0014.jpg,0
image0271.jpg,1
image0358.jpg,1
image0053.jpg,1
image1666.jpg,1
normal_3.jpg,0
image2272.jpg,1
image2601.jpg,0
image3322.jpg,0
image2843.jpg,1
146image22.jpg,1
image2831.jpg,1
image0904.jpg,1
image2927.jpg,0
image2383.jpg,1
image2407.jpg,0
49image0009.jpg,1
image0518.jpg,1
image0449.jpg,1
image0300.jpg,1
image1936.jpg,1
image1020.jpg,1
image0619.jpg,1
image3776.jpg,1
233image2.jpg,1
62image9.jpg,1
image0108.jpg,1
image3112.jpg,0
image3095.jpg,0
image0690.jpg,1
image2334.jpg,1
image2424.jpg,1
image2539.jpg,1
image0572.jpg,1
image0377.jpg,1
image2793.jpg,0
image0289.jpg,1
image0102.jpg,1
image3756.jpg,1
image0826.jpg,1
image0798.jpg,1
image3040.jpg,0
image2732.jpg,0
image3057.jpg,0
image2620.jpg,1
image3359.jpg,1
image1823.jpg,0
147image37.jpg,1
145image20.jpg,1
image1822.jpg,1
image1879.jpg,1
146image26.jpg,1
image3833.jpg,1
image2274.jpg,1
image1183.jpg,1
image0666.jpg,1
image3371.jpg,1
normal_39.jpg,0
image3566.jpg,0
image0618.jpg,1
image0323.jpg,1
image1093.jpg,1
image0115.jpg,1
image1648.jpg,0
image0074.jpg,1
image0663.jpg,1
image0513.jpg,1
191image0.jpg,1
99image84.jpg,0
image3782.jpg,1
image1091.jpg,1
image2425.jpg,1
28image33.jpg,0
92image63.jpg,1
image1560.jpg,1
image2692.jpg,1
image2704.jpg,0
79image3.jpg,1
image2598.jpg,0
image0932.jpg,1
image1031.jpg,1
image0054.jpg,1
image0515.jpg,1
image2891.jpg,0
image0472.jpg,1
image3245.jpg,1
image1018.jpg,1
image3011.jpg,0
25image7.jpg,1
image1650.jpg,1
image0542.jpg,1
image0967.jpg,1
116image81.jpg,1
151image36.jpg,1
image0362.jpg,1
image1785.jpg,0
image2860.jpg,1
image1690.jpg,0
92image22.jpg,1
71image36.jpg,1
image0335.jpg,1
image2888.jpg,0
116image0116.jpg,1
image0647.jpg,1
image3731.jpg,1
image0892.jpg,1
image3663.jpg,1
image0106.jpg,1
image3829.jpg,1
image0837.jpg,1
image0376.jpg,1
image0648.jpg,1
image2907.jpg,0
110image0083.jpg,1
image1379.jpg,1
image1138.jpg,1
55image24.jpg,1
image0940.jpg,1
image0379.jpg,1
235image25.jpg,1
image3177.jpg,1
image3807.jpg,1
535image32.jpg,1
image0559.jpg,1
image2812.jpg,0
image2626.jpg,1
image1649.jpg,0
image2911.jpg,0
image3330.jpg,0
23image61.jpg,0
image0902.jpg,1
image2563.jpg,1
image2064.jpg,0
image3190.jpg,1
image3501.jpg,1
308image32.jpg,1
image0726.jpg,1
image2712.jpg,0
image0820.jpg,1
image1677.jpg,1
image3298.jpg,1
image2910.jpg,0
image1705.jpg,1
image0214.jpg,0
image1689.jpg,0
image1090.jpg,1
image3384.jpg,1
image1022.jpg,1
image0285.jpg,0
image1863.jpg,1
image1004.jpg,1
image3818.jpg,1
image3709.jpg,1
image0419.jpg,1
image3401.jpg,0
53image0011.jpg,1
image3521.jpg,0
image2778.jpg,1
image0612.jpg,1
image0721.jpg,1
16image53.jpg,1
304image9.jpg,1
image0630.jpg,1
image1676.jpg,0
27image52.jpg,1
image1788.jpg,1
image0071.jpg,1
image3680.jpg,1
image3618.jpg,1
200image20.jpg,1
image0198.jpg,0
image3028.jpg,0
image0548.jpg,1
image3583.jpg,0
237image18.jpg,1
image2656.jpg,1
520image0.jpg,1
image1916.jpg,0
image3389.jpg,1
image1001.jpg,1
image1854.jpg,0
image2143.jpg,1
image3319.jpg,0
image2587.jpg,1
image2344.jpg,1
image3324.jpg,0
image0316.jpg,1
image3690.jpg,0
image3424.jpg,1
60image0.jpg,1
image3702.jpg,1
image1141.jpg,1
image0987.jpg,1
image3335.jpg,0
image3591.jpg,1
image3435.jpg,1
image2091.jpg,1
image0334.jpg,0
107image90.jpg,1
image1184.jpg,1
image0507.jpg,1
image0961.jpg,1
99image44.jpg,0
image3339.jpg,0
image0264.jpg,0
image3059.jpg,0
image0415.jpg,1
97image54.jpg,1
image1132.jpg,1
image0229.jpg,1
image0602.jpg,1
image2095.jpg,0
image2414.jpg,1
normal_15.jpg,1
234image21.jpg,1
image3717.jpg,1
image3687.jpg,0
image0963.jpg,1
image0925.jpg,1
image0833.jpg,1
image1869.jpg,1
image3611.jpg,1
image2406.jpg,1
image3032.jpg,1
image0695.jpg,1
189image96.jpg,1
frame0-01-00.03.jpg,0
image0266.jpg,1
image2244.jpg,1
image1632.jpg,0
image1860.jpg,1
image2438.jpg,1
image3172.jpg,1
image0077.jpg,1
image0571.jpg,1
image2687.jpg,0
image2992.jpg,0
image3626.jpg,0
image3742.jpg,1
image1280.jpg,1
image1631.jpg,0
image3760.jpg,1
image2705.jpg,0
image0228.jpg,1
image0013.jpg,0
91image0059.jpg,1
image2509.jpg,1
image0994.jpg,1
image1170.jpg,1
image3291.jpg,1
image3231.jpg,0
image3497.jpg,1
16image34.jpg,0
image0344.jpg,1
image3109.jpg,1
image0611.jpg,1
2image50.jpg,1
image2455.jpg,1
image1002.jpg,1
image2594.jpg,1
image2506.jpg,0
image3467.jpg,0
image0238.jpg,0
508image10.jpg,0
image0246.jpg,1
41image0010.jpg,1
image2683.jpg,1
image1100.jpg,0
image3285.jpg,1
image2668.jpg,0
image2538.jpg,1
image1036.jpg,1
image3101.jpg,0
normal_9.jpg,0
normal_27.jpg,1
image3598.jpg,1
image3209.jpg,1
image0834.jpg,1
165image18.jpg,1
132image4.jpg,1
image3394.jpg,0
image0204.jpg,0
image1849.jpg,1
image0651.jpg,1
image0956.jpg,1
image0213.jpg,1
image0429.jpg,0
164image17.jpg,1
pco_2.jpg,0
image0652.jpg,0
image2833.jpg,0
image2979.jpg,1
image0696.jpg,1
image1584.jpg,1
image0417.jpg,1
image0231.jpg,1
image2987.jpg,0
image0512.jpg,1
12image63.jpg,0
image0595.jpg,1
image2879.jpg,1
image2791.jpg,0
image3624.jpg,0
image3216.jpg,1
16image48.jpg,0
image1064.jpg,1
image3594.jpg,1
image0845.jpg,1
image1660.jpg,0
image2373.jpg,1
image2787.jpg,0
image3208.jpg,1
image1774.jpg,1
image0765.jpg,1
image3271.jpg,0
image2813.jpg,1
image0381.jpg,1
image0557.jpg,1
image2870.jpg,0
image0534.jpg,1
image0708.jpg,1
95image47.jpg,1
image1474.jpg,1
normal_32.jpg,0
image0938.jpg,1
image3634.jpg,0
image3303.jpg,0
image1159.jpg,0
image2661.jpg,1
image0212.jpg,1
image2395.jpg,0
168image43.jpg,1
image0268.jpg,1
image3659.jpg,1
image0790.jpg,1
image2729.jpg,0
112image91.jpg,1
image2170.jpg,1
image2621.jpg,1
image2654.jpg,1
237image7.jpg,1
image2736.jpg,0
image2060.jpg,1
image3268.jpg,0
image3725.jpg,1
image1054.jpg,1
336image23.jpg,1
image0405.jpg,1
image3449.jpg,1
image0258.jpg,1
image1802.jpg,1
image2908.jpg,0
image1051.jpg,1
image2442.jpg,1
image1096.jpg,0
185image92.jpg,1
image3411.jpg,1
image2801.jpg,0
66image19.jpg,1
image0667.jpg,1
72image0096.jpg,1
image1865.jpg,0
image3075.jpg,0
image0248.jpg,1
image1746.jpg,1
image3337.jpg,0
image2607.jpg,1
image0759.jpg,0
image2984.jpg,0
image1645.jpg,0
image2443.jpg,1
image3794.jpg,1
image0609.jpg,1
image3076.jpg,0
image0200.jpg,1
image0568.jpg,1
image0570.jpg,1
image0797.jpg,1
image3161.jpg,1
image1864.jpg,1
image2799.jpg,0
image3407.jpg,1
122image14.jpg,1
image0416.jpg,1
image0888.jpg,1
image1634.jpg,1
image0350.jpg,1
image0327.jpg,1
image3571.jpg,1
image0314.jpg,1
image3116.jpg,0
image3841.jpg,1
image0341.jpg,1
93image19.jpg,1
image0949.jpg,1
image1861.jpg,0
image0407.jpg,1
image0078.jpg,1
image3453.jpg,1
95image4.jpg,1
image3691.jpg,0
100image94.jpg,1
image0959.jpg,1
image3522.jpg,0
image2559.jpg,1
image3547.jpg,1
normal_6.jpg,0
image1109.jpg,0
image3013.jpg,0
image1712.jpg,1
92image29.jpg,0
image0605.jpg,1
image0678.jpg,1
image1963.jpg,1
image0104.jpg,1
image1101.jpg,0
image3156.jpg,1
image3289.jpg,1
image0051.jpg,1
image1954.jpg,1
normal_1.jpg,0
image0440.jpg,1
image0450.jpg,1
image0991.jpg,1
image0600.jpg,1
418image21.jpg,1
image3054.jpg,1
91image35.jpg,1
image3153.jpg,1
16image55.jpg,0
15image12.jpg,0
image0812.jpg,1
image1957.jpg,1
67image0080.jpg,1
image1695.jpg,1
image0814.jpg,1
image1675.jpg,0
image1768.jpg,1
image2142.jpg,1
190image35.jpg,1
image0788.jpg,1
image3290.jpg,1
image3415.jpg,1
image3604.jpg,1
image3447.jpg,1
image3323.jpg,0
image2602.jpg,1
image2394.jpg,1
image3107.jpg,0
image0526.jpg,1
96image9.jpg,0
image3472.jpg,0
image0681.jpg,1
8image26.jpg,0
image0770.jpg,1
normal_18.jpg,1
image2762.jpg,0
image3531.jpg,0
image2508.jpg,1
image0594.jpg,1
62image0077.jpg,1
89image5.jpg,0
image0799.jpg,1
74image2.jpg,1
image3826.jpg,1
image3362.jpg,1
image2599.jpg,0
image3786.jpg,1
image0740.jpg,1
image1017.jpg,1
image3301.jpg,1
image3796.jpg,1
image2940.jpg,0
149image28.jpg,1
154image0123.jpg,0
2image3.jpg,1
normal_13.jpg,0
image2462.jpg,0
image3671.jpg,1
image0639.jpg,1
image0682.jpg,1
image0330.jpg,1
image3212.jpg,1
2024image15.jpg,1
image0966.jpg,1
image3385.jpg,1
87image0100.jpg,1
image1959.jpg,0
6image0042.jpg,1
image1858.jpg,1
image0384.jpg,1
image1195.jpg,1
image2434.jpg,1
image0988.jpg,1
image1119.jpg,1
22image0032.jpg,0
image0933.jpg,1
image0520.jpg,1
image0414.jpg,1
image1830.jpg,1
2165image0.jpg,1
91image4.jpg,0
image2262.jpg,1
image1643.jpg,1
image1708.jpg,1
image0573.jpg,1
image3685.jpg,1
145image15.jpg,1
image3333.jpg,0
image2928.jpg,0
image3010.jpg,0
image2788.jpg,0
image1048.jpg,1
image1797.jpg,1
image1221.jpg,1
198image23.jpg,1
image0784.jpg,1
image1172.jpg,1
89image0093.jpg,1
image3692.jpg,0
image1380.jpg,1
image1793.jpg,1
94image10.jpg,1
104image83.jpg,1
171image47.jpg,1
image0720.jpg,1
image1877.jpg,1
image0326.jpg,0
image3260.jpg,0
image0058.jpg,1
127image0115.jpg,1
image0211.jpg,0
image3234.jpg,0
image2195.jpg,1
95image93.jpg,1
1456image5.jpg,0
140image0108.jpg,1
1image40.jpg,0
image0849.jpg,1
normal_8.jpg,0
image3239.jpg,1
image2817.jpg,0
image1185.jpg,1
92image14.jpg,0
image3113.jpg,1
image3644.jpg,1
image2370.jpg,0
image0227.jpg,1
image3801.jpg,1
image2595.jpg,0
3image8.jpg,1
image0368.jpg,1
normal_28.jpg,0
45image0051.jpg,1
image3133.jpg,0
image2825.jpg,0
image1471.jpg,1
image0249.jpg,1
image1818.jpg,0
image0411.jpg,1
18image47.jpg,0
image3180.jpg,1
image1071.jpg,1
image1940.jpg,0
image3351.jpg,0
74image0058.jpg,1
image0225.jpg,1
image2453.jpg,1
97image67.jpg,1
image1937.jpg,1
image3118.jpg,1
image2882.jpg,0
image2523.jpg,0
image2814.jpg,0
image0076.jpg,1
image3646.jpg,0
normal_5.jpg,0
217image26.jpg,1
image1397.jpg,1
image2098.jpg,0
170image37.jpg,1
image0641.jpg,1
89image14.jpg,1
image1382.jpg,1
image1105.jpg,1
image0274.jpg,1
image3642.jpg,0
image0914.jpg,1
image3445.jpg,1
image0061.jpg,1
image3184.jpg,1
27image13.jpg,0
501image3.jpg,0
image3431.jpg,1
image2834.jpg,0
image1673.jpg,1
image2954.jpg,0
image3418.jpg,1
image3746.jpg,0
image0576.jpg,1
image2404.jpg,0
image0746.jpg,1
image0270.jpg,1
image2773.jpg,0
image0223.jpg,1
image3636.jpg,1
image3695.jpg,0
image0245.jpg,1
image3414.jpg,1
image2806.jpg,1
image3377.jpg,0
image0738.jpg,1
image3599.jpg,1
image0761.jpg,1
image3103.jpg,1
image1177.jpg,1
image2669.jpg,1
image2726.jpg,0
image3398.jpg,1
image1013.jpg,1
image0603.jpg,1
image3257.jpg,1
image3558.jpg,1
image0981.jpg,1
image2965.jpg,0
112image12.jpg,0
154image24.jpg,0
100image65.jpg,1
image1040.jpg,1
image0653.jpg,1
image0551.jpg,1
image3039.jpg,0
image0455.jpg,0
image1639.jpg,1
image2877.jpg,1
image0111.jpg,1
image2835.jpg,0
image0412.jpg,1
image1080.jpg,1
image0913.jpg,1
image0658.jpg,0
image1974.jpg,1
24image0045.jpg,1
image3397.jpg,0
image1855.jpg,0
image0656.jpg,1
image2706.jpg,0
image0633.jpg,1
41image0013.jpg,1
image3044.jpg,0
image2642.jpg,0
90image15.jpg,1
image2878.jpg,1
image0686.jpg,1
image2795.jpg,0
image0821.jpg,1
image3373.jpg,0
image0564.jpg,1
image0097.jpg,1
30image74.jpg,0
image1716.jpg,1
184image98.jpg,1
image2584.jpg,1
image3816.jpg,1
image0365.jpg,1
image0848.jpg,1
image3686.jpg,1
image3727.jpg,1
90image9.jpg,1
image1197.jpg,1
170image94.jpg,1
109image0089.jpg,1
91image68.jpg,1
image0469.jpg,0
image1827.jpg,1
73image0092.jpg,1
image0328.jpg,1
image1174.jpg,1
image2410.jpg,1
image3354.jpg,0
image1838.jpg,1
image3678.jpg,0
image0965.jpg,1
image3814.jpg,1
image2906.jpg,0
image2647.jpg,0
image2184.jpg,1
image1145.jpg,0
image0831.jpg,1
image3357.jpg,1
image0964.jpg,1
202image106.jpg,1
28image0022.jpg,1
image2696.jpg,1
image3675.jpg,0
2481image8.jpg,0
image1958.jpg,1
image1281.jpg,1
image0946.jpg,1
image2794.jpg,0
103image0064.jpg,0
image0546.jpg,1
13image56.jpg,0
image0209.jpg,1
image3265.jpg,0
image1045.jpg,1
image3014.jpg,0
image2408.jpg,0
image0578.jpg,1
10image41.jpg,0
image3306.jpg,0
image0492.jpg,1
image3080.jpg,0
image0012.jpg,0
image0744.jpg,1
83image26.jpg,1
573image15.jpg,0
image0283.jpg,1
image0936.jpg,1
image3386.jpg,1
image0404.jpg,1
15image0033.jpg,1
image3143.jpg,1
image0996.jpg,1
image0357.jpg,1
image0072.jpg,1
image2429.jpg,0
image3100.jpg,0
image3795.jpg,1
image3327.jpg,0
image3433.jpg,1
image1016.jpg,1
image1824.jpg,1
image1672.jpg,1
image1128.jpg,1
image3461.jpg,0
3309image24.jpg,1
image0124.jpg,1
174image58.jpg,1
image0112.jpg,1
image2318.jpg,1
image2808.jpg,0
image3480.jpg,1
90image11.jpg,1
image0315.jpg,1
image2644.jpg,1
image2368.jpg,0
image1657.jpg,1
image0917.jpg,1
image3427.jpg,1
96image70.jpg,1
image0538.jpg,1
image0398.jpg,1
image3479.jpg,1
image0993.jpg,1
image1058.jpg,1
image3614.jpg,0
image2169.jpg,1
146image73.jpg,1
49image0041.jpg,1
image0304.jpg,1
pco_7.jpg,1
image2866.jpg,1
image1099.jpg,1
image0503.jpg,1
19image36.jpg,0
image1472.jpg,0
image0562.jpg,1
image1092.jpg,1
image3538.jpg,1
image1008.jpg,1
image0976.jpg,1
image1039.jpg,1
image3151.jpg,1
image3052.jpg,0
183image40.jpg,1
image2774.jpg,0
image3364.jpg,1
image2187.jpg,1
106image24.jpg,1
image1661.jpg,1
image0008.jpg,0
image0488.jpg,1
image3648.jpg,0
image1973.jpg,0
image3178.jpg,1
4image0050.jpg,1
image2234.jpg,1
image1121.jpg,0
image0846.jpg,1
image2961.jpg,0
image3620.jpg,1
image2103.jpg,1
95image51.jpg,1
image0785.jpg,1
89image0101.jpg,1
pco_10.jpg,0
image1779.jpg,1
image1066.jpg,1
image3699.jpg,0
image0396.jpg,1
90image66.jpg,1
image3399.jpg,0
image3799.jpg,1
image0107.jpg,1
image0694.jpg,1
image3146.jpg,1
image3524.jpg,0
260image33.jpg,1
image0729.jpg,1
190image12.jpg,1
image0887.jpg,1
normal_12.jpg,0
image0962.jpg,1
image0792.jpg,1
98image49.jpg,1
image3136.jpg,1
image0275.jpg,1
image3229.jpg,0
image2815.jpg,0
71image11.jpg,1
image2194.jpg,1
image3836.jpg,1
image3090.jpg,1
image3230.jpg,1
image0910.jpg,1
image2393.jpg,1
image2175.jpg,0
image1282.jpg,1
image1136.jpg,1
image2904.jpg,0
121image51.jpg,1
image0338.jpg,1
image2409.jpg,1
image0554.jpg,1
image3784.jpg,1
image0096.jpg,1
160image2.jpg,1
image0294.jpg,0
image2096.jpg,0
image3166.jpg,0
image1970.jpg,1
image3403.jpg,1
image1142.jpg,1
image0643.jpg,1
image0059.jpg,1
image3036.jpg,1
image3726.jpg,0
image2955.jpg,0
image3681.jpg,1
image1933.jpg,1
image3647.jpg,1
image2471.jpg,0
image2247.jpg,1
image1654.jpg,1
image0103.jpg,1
154image2.jpg,1
image1794.jpg,1
image1821.jpg,1
image0580.jpg,1
image2690.jpg,1
94image24.jpg,1
140image0122.jpg,1
image0796.jpg,1
image0671.jpg,1
image1086.jpg,1
normal_35.jpg,0
image0985.jpg,1
image3175.jpg,1
99image20.jpg,0
image1070.jpg,1
image0511.jpg,1
image1607.jpg,1
image1171.jpg,1
47image0003.jpg,1
image2883.jpg,1
image1019.jpg,1
image3261.jpg,1
240image6.jpg,1
image2636.jpg,0
image2684.jpg,1
image0486.jpg,1
image1633.jpg,1
image0442.jpg,1
image0479.jpg,1
image1279.jpg,1
image3780.jpg,1
3image38.jpg,1
image2678.jpg,1
image0083.jpg,1
image3071.jpg,0
image1235.jpg,1
image2099.jpg,0
image3140.jpg,0
image0474.jpg,1
image0496.jpg,1
206image6.jpg,1
523image18.jpg,1
image0251.jpg,1
image3025.jpg,0
image3793.jpg,1
image3030.jpg,0
image0911.jpg,1
128image46.jpg,1
image0767.jpg,1
image0541.jpg,1
571image14.jpg,0
image0428.jpg,1
195image79.jpg,1
image0278.jpg,1
image2635.jpg,0
image2996.jpg,0
image0432.jpg,1
image2403.jpg,1
image1176.jpg,0
image2930.jpg,0
23image0030.jpg,0
image2428.jpg,1
20image29.jpg,1
image0090.jpg,1
158image48.jpg,0
92image25.jpg,0
image0498.jpg,1
image2863.jpg,1
image3797.jpg,1
image2481.jpg,1
image2401.jpg,1
image0766.jpg,1
image3549.jpg,0
99image72.jpg,0
image2202.jpg,1
image3749.jpg,1
image2631.jpg,1
image3269.jpg,0
image3304.jpg,1
image0668.jpg,1
89image0098.jpg,1
image3360.jpg,1
image2885.jpg,0
image2867.jpg,1
image3305.jpg,0
543image12.jpg,0
image3528.jpg,0
image3701.jpg,0
image1760.jpg,1
image0346.jpg,1
image2440.jpg,0
96image95.jpg,1
image3496.jpg,1
image1133.jpg,1
image0218.jpg,1
image0535.jpg,1
image3572.jpg,0
image2575.jpg,1
595image11.jpg,1
image0811.jpg,1
image3098.jpg,0
image0089.jpg,1
286image4.jpg,1
pco_8.jpg,1
image2769.jpg,0
image0685.jpg,1
180image44.jpg,1
image2557.jpg,1
image1130.jpg,1
image2416.jpg,1
8image54.jpg,0
image3532.jpg,0
image3082.jpg,0
image3049.jpg,1
image3043.jpg,0
image0989.jpg,1
96image45.jpg,0
578image26.jpg,1
95image23.jpg,1
1779image22.jpg,0
image0625.jpg,1
image1790.jpg,1
210image25.jpg,1
image0903.jpg,1
image2412.jpg,0
image2571.jpg,1
117image33.jpg,1
image3221.jpg,1
image2526.jpg,1
56image0068.jpg,1
image1113.jpg,1
image3529.jpg,1
162image21.jpg,1
image3493.jpg,1
image3502.jpg,1
image3336.jpg,0
image3590.jpg,1
image2785.jpg,0
77image35.jpg,1
94image89.jpg,1
image2655.jpg,0
normal_25.jpg,0
image3405.jpg,0
image0806.jpg,1
88image11.jpg,1
image0514.jpg,1
image3278.jpg,0
19image0039.jpg,1
image0088.jpg,1
image3602.jpg,0
image0421.jpg,0
image2658.jpg,1
image3307.jpg,0
1209image17.jpg,0
image0050.jpg,1
image0802.jpg,1
image2138.jpg,1
297image28.jpg,1
image3272.jpg,0
image3446.jpg,1
519image24.jpg,1
image1956.jpg,1
92image1.jpg,1
image0497.jpg,1
image2418.jpg,1
image0585.jpg,1
image3246.jpg,1
image0847.jpg,1
image0900.jpg,0
image2439.jpg,0
image2766.jpg,0
146image9.jpg,1
image3353.jpg,0
image2816.jpg,0
image3162.jpg,1
41image0028.jpg,1
image1399.jpg,1
image2384.jpg,1
image0406.jpg,1
image1684.jpg,1
image3759.jpg,1
image3677.jpg,1
image0297.jpg,1
image0240.jpg,0
image3619.jpg,0
image3563.jpg,1
190image60.jpg,1
image0801.jpg,1
image3277.jpg,0
image1944.jpg,0
image0621.jpg,1
116image0104.jpg,1
image0752.jpg,0
image1943.jpg,0
image0236.jpg,1
image1653.jpg,1
image2685.jpg,1
image2966.jpg,1
image3198.jpg,1
normal_37.jpg,0
38image0005.jpg,1
image1883.jpg,1
30image0007.jpg,1
image0822.jpg,1
image3682.jpg,1
281image17.jpg,1
83image37.jpg,1
image2094.jpg,1
image2676.jpg,1
image3559.jpg,0
image0263.jpg,1
image0886.jpg,1
image1094.jpg,1
image0624.jpg,1
image0649.jpg,1
48image0.jpg,1
image3197.jpg,1
814image1.jpg,1
image2238.jpg,1
image2862.jpg,1
image1135.jpg,1
image2946.jpg,0
image0960.jpg,1
1394image4.jpg,0
image0934.jpg,1
image1685.jpg,1
image0438.jpg,1
92image0087.jpg,1
image0631.jpg,1
28image6.jpg,0
image2107.jpg,0
image0644.jpg,1
image1134.jpg,1
image2896.jpg,0
image1006.jpg,1
70image0062.jpg,1
image3206.jpg,1
image0558.jpg,1
90image36.jpg,1
image0753.jpg,0
image3402.jpg,0
image0824.jpg,1
image3601.jpg,1
image1972.jpg,1
image1951.jpg,1
image3763.jpg,1
image3344.jpg,0
529image2.jpg,1
image0256.jpg,1
20image24.jpg,0
256image24.jpg,1
54image29.jpg,1
54image0079.jpg,1
160image8.jpg,1
image3540.jpg,1
image0953.jpg,1
image2830.jpg,0
image2686.jpg,1
image2572.jpg,0
96image92.jpg,1
119image0120.jpg,1
image2744.jpg,0
image3217.jpg,1
image3297.jpg,1
image2536.jpg,1
image2971.jpg,1
36image0008.jpg,1
image2895.jpg,0
image1144.jpg,1
image1962.jpg,0
image3788.jpg,1
image2693.jpg,0
image0383.jpg,1
image1097.jpg,0
195image30.jpg,1
image3552.jpg,0
image3142.jpg,1
image0923.jpg,1
image3657.jpg,1
image1832.jpg,1
134image0111.jpg,1
154image86.jpg,1
image2589.jpg,0
image0007.jpg,0
image3785.jpg,1
image3420.jpg,0
image0435.jpg,1
image3188.jpg,1
image3674.jpg,1
image3617.jpg,0
image0006.jpg,0
image0259.jpg,1
85image5.jpg,1
image0561.jpg,1
image0927.jpg,1
image2660.jpg,1
image1405.jpg,1
248image11.jpg,1
96image86.jpg,1
image3679.jpg,0
image1179.jpg,0
9image20.jpg,0
image3108.jpg,0
image3131.jpg,0
image2454.jpg,1
image0968.jpg,1
image3811.jpg,1
image0763.jpg,1
image0066.jpg,1
image1867.jpg,1
image2637.jpg,1
image2515.jpg,1
image0896.jpg,1
image0485.jpg,1
image2192.jpg,1
3190image9.jpg,0
image0660.jpg,1
image3805.jpg,1
99image28.jpg,0
image3148.jpg,1
image3603.jpg,0
image0290.jpg,0
image3317.jpg,0
image2239.jpg,1
image2590.jpg,1
image2612.jpg,0
22image68.jpg,1
146image19.jpg,1
image3803.jpg,1
image3755.jpg,1
image2708.jpg,0
image0781.jpg,1
image2435.jpg,1
image1470.jpg,0
image3286.jpg,1
image0998.jpg,1
image1116.jpg,1
image2226.jpg,1
image3031.jpg,0
111image9.jpg,0
image0307.jpg,1
image1766.jpg,0
image3581.jpg,0
image0869.jpg,0
image0622.jpg,1
51image0034.jpg,1
image3256.jpg,0
image0353.jpg,1
image0234.jpg,1
image0819.jpg,1
image2389.jpg,1
94image90.jpg,0
image0313.jpg,1
image0100.jpg,1
image3813.jpg,1
image1000.jpg,1
image0876.jpg,1
image1297.jpg,1
180image56.jpg,1
image3099.jpg,0
image1219.jpg,1
image1028.jpg,1
24image9.jpg,0
image2562.jpg,0
image3516.jpg,1
5image28.jpg,1
image3160.jpg,1
image0232.jpg,1
image3128.jpg,1
88image0082.jpg,0
image1378.jpg,0
image3316.jpg,0
image0995.jpg,1
189image46.jpg,1
image0841.jpg,1
image2643.jpg,1
image0279.jpg,1
image3738.jpg,1
image3249.jpg,0
image1175.jpg,1
image2917.jpg,0
image2367.jpg,1
83image0073.jpg,1
image0701.jpg,1
12image72.jpg,0
image0776.jpg,1
image3060.jpg,0
237image22.jpg,1
image1946.jpg,1
image1878.jpg,1
image0460.jpg,0
image3189.jpg,1
image3287.jpg,1
image3588.jpg,1
normal_31.jpg,0
image2682.jpg,0
image2782.jpg,0
image3074.jpg,0
image3088.jpg,0
image1491.jpg,1
110image82.jpg,1
image3192.jpg,1
19image0036.jpg,1
image0099.jpg,1
normal_36.jpg,0
image3404.jpg,0
image1955.jpg,1
image2735.jpg,0
image2988.jpg,0
image1948.jpg,1
image0465.jpg,1
33image0049.jpg,1
image1046.jpg,1
image0055.jpg,1
image0235.jpg,1
image1941.jpg,1
170image38.jpg,1
177image38.jpg,0
image1814.jpg,0
image2374.jpg,0
90image76.jpg,1
image1165.jpg,1
image2723.jpg,0
image3259.jpg,0
image0589.jpg,1
image0626.jpg,1
image0842.jpg,1
image3722.jpg,1
image0351.jpg,1
image2486.jpg,1
15image46.jpg,0
9image32.jpg,1
image3748.jpg,1
image2797.jpg,0
image3664.jpg,1
image1872.jpg,1
84image20.jpg,1
image2475.jpg,0
image3251.jpg,1
image1267.jpg,1
171image28.jpg,1
image0418.jpg,1
image1069.jpg,1
image3630.jpg,0
image2198.jpg,1
image0717.jpg,1
image2842.jpg,1
101image31.jpg,1
image0254.jpg,1
image0391.jpg,1
image3425.jpg,1
image3517.jpg,0
image1168.jpg,0
image3422.jpg,0
3image0027.jpg,1
image1044.jpg,1
image2600.jpg,1
image3024.jpg,0
image1111.jpg,1
image0700.jpg,1
image0756.jpg,0
normal_40.jpg,0
image0397.jpg,1
image2431.jpg,1
50image40.jpg,1
image2960.jpg,0
image0343.jpg,1
image3436.jpg,1
image2461.jpg,1
image0800.jpg,1
image0635.jpg,1
image0293.jpg,0
150image51.jpg,1
image3706.jpg,1
image0340.jpg,0
image3409.jpg,1
image3033.jpg,1
image2777.jpg,0
image0422.jpg,1
184image101.jpg,1
image1691.jpg,1
image3104.jpg,1
image3704.jpg,1
image0280.jpg,1
image0751.jpg,0
74image6.jpg,1
image3443.jpg,1
image2689.jpg,1
99image37.jpg,0
142image16.jpg,1
image3194.jpg,1
image2444.jpg,1
image0360.jpg,1
image2893.jpg,0
image0860.jpg,0
23image60.jpg,0
image1939.jpg,1
image1967.jpg,0
image0491.jpg,1
158image22.jpg,1
image1466.jpg,1
image1850.jpg,1
image3244.jpg,1
image2939.jpg,0
image1813.jpg,1
5image3.jpg,1
image0735.jpg,1
46image0031.jpg,1
84image0085.jpg,1
image0436.jpg,1
image0855.jpg,1
2image37.jpg,0
image1286.jpg,1
normal_24.jpg,0
image3740.jpg,1
231image30.jpg,1
pco_11.jpg,0
image3781.jpg,1
image3219.jpg,1
25image62.jpg,0
image2953.jpg,0
image0287.jpg,1
image2740.jpg,0
image2824.jpg,0
10image0017.jpg,1
image3684.jpg,1
image3640.jpg,1
image2623.jpg,1
image2681.jpg,0
normal_14.jpg,0
image0400.jpg,1
image2770.jpg,0
image0221.jpg,1
image3511.jpg,0
image3062.jpg,1
image0310.jpg,1
image1745.jpg,1
image2140.jpg,1
image2617.jpg,0
image0899.jpg,1
image1015.jpg,1
image1033.jpg,1
120image0105.jpg,1
image0655.jpg,1
image0703.jpg,1
image0764.jpg,1
image0035.jpg,0
image2417.jpg,1
image3771.jpg,0
image0931.jpg,1
163image26.jpg,1
image1912.jpg,0
image0303.jpg,1
image0955.jpg,1
image3343.jpg,0
image2573.jpg,0
124image0107.jpg,1
image3612.jpg,0
image3334.jpg,1
97image31.jpg,1
image3182.jpg,1
image0500.jpg,1
image0757.jpg,0
image0828.jpg,1
image2421.jpg,1
image0070.jpg,1
image3058.jpg,0
image1166.jpg,1
image1140.jpg,1
image0889.jpg,1
image2790.jpg,0
image3789.jpg,1
image3096.jpg,0
image2622.jpg,1
image0481.jpg,0
54image30.jpg,1
97image17.jpg,1
image0665.jpg,1
image0623.jpg,1
36image0040.jpg,1
195image33.jpg,1
102image93.jpg,1
image2260.jpg,1
image0487.jpg,1
image0445.jpg,1
image3218.jpg,1
image2925.jpg,0
normal_17.jpg,0
image3751.jpg,1
158image54.jpg,1
image3595.jpg,1
image0244.jpg,0
image0508.jpg,1
image2968.jpg,1
image1275.jpg,1
image0367.jpg,1
image0073.jpg,1
image1651.jpg,1
image2951.jpg,1
image1874.jpg,0
image2884.jpg,0
image1707.jpg,1
image3434.jpg,1
image2914.jpg,0
44image0004.jpg,1
image0929.jpg,1
276image8.jpg,0
image0109.jpg,1
image0092.jpg,1
96image56.jpg,0
79image0065.jpg,1
image1095.jpg,1
image0510.jpg,1
image1603.jpg,1
image3063.jpg,1
image0331.jpg,1
image1976.jpg,1
image0750.jpg,1
image2809.jpg,0
image2586.jpg,1
image3672.jpg,1
image1894.jpg,1
image1151.jpg,1
189image53.jpg,1
image2671.jpg,1
image3125.jpg,0
image2737.jpg,0
image2657.jpg,1
127image0109.jpg,1
image2868.jpg,0
image0095.jpg,1
image3525.jpg,0
image0809.jpg,1
image3676.jpg,0
image0950.jpg,1
image3168.jpg,0
137image13.jpg,0
image2652.jpg,1
200image11.jpg,1
image0355.jpg,1
589image30.jpg,1
image0255.jpg,1
image0596.jpg,1
image2514.jpg,1
image0861.jpg,1
image2753.jpg,0
image3127.jpg,0
image1856.jpg,1
image1825.jpg,1
image2673.jpg,0
image3616.jpg,0
image2476.jpg,1
image3300.jpg,0
image0951.jpg,1
image2932.jpg,0
image3542.jpg,1
image0825.jpg,1
image0749.jpg,1
image0939.jpg,1
image3600.jpg,1
image2699.jpg,1
image2582.jpg,1
image3084.jpg,0
232image1.jpg,0
107image34.jpg,1
image0459.jpg,0
image2456.jpg,0
image2059.jpg,1
image2933.jpg,0
image3452.jpg,1
image3284.jpg,1
image1404.jpg,1
179image52.jpg,1
507image13.jpg,1
image2085.jpg,1
image3605.jpg,0
image0555.jpg,1
image0120.jpg,1
image3326.jpg,0
image1123.jpg,0
3003image20.jpg,1
image2402.jpg,1
21image0035.jpg,1
94image59.jpg,1
image2733.jpg,0
image3719.jpg,1
image3242.jpg,0
image2716.jpg,0
image2659.jpg,1
image2995.jpg,0
105image100.jpg,1
image1834.jpg,1
image1635.jpg,1
image0881.jpg,1
image0918.jpg,1
image3017.jpg,0
296image16.jpg,1
image2372.jpg,1
image2250.jpg,1
image0262.jpg,1
image3561.jpg,1
86image1.jpg,1
image1918.jpg,1
image3769.jpg,1
206image102.jpg,1
pco_6.jpg,1
310image7.jpg,1
image1706.jpg,1
image3267.jpg,0
image0298.jpg,1
image1178.jpg,0
image2391.jpg,1
image3546.jpg,1
image3456.jpg,0
image2432.jpg,1
image0439.jpg,1
image1911.jpg,1
image0501.jpg,1
image0771.jpg,1
20image0037.jpg,0
image2618.jpg,1
549image29.jpg,1
image2489.jpg,1
image1629.jpg,1
image2912.jpg,0
image3382.jpg,1
image3372.jpg,1
image3220.jpg,1
image0490.jpg,1
image1072.jpg,1
image0789.jpg,1
image1163.jpg,0
image2952.jpg,0
image0473.jpg,1
pco_4.jpg,0
170image61.jpg,1
image0105.jpg,1
image0787.jpg,1
image3721.jpg,1
image3541.jpg,1
image2604.jpg,0
image2185.jpg,1
image1250.jpg,1
image2986.jpg,0
image1220.jpg,1
image3120.jpg,1
image1419.jpg,0
image1759.jpg,1
image3576.jpg,0
image1764.jpg,1
image3094.jpg,0
image0587.jpg,1
image1052.jpg,1
image0426.jpg,1
image0783.jpg,1
image2674.jpg,1
image2186.jpg,1
image1810.jpg,1
553image22.jpg,0
167image14.jpg,1
11image49.jpg,0
image0522.jpg,1
image3478.jpg,0
image0650.jpg,1
image1744.jpg,1
156image84.jpg,1
image2974.jpg,0
image3280.jpg,0
image3606.jpg,1
image3238.jpg,1
image3141.jpg,1
image3263.jpg,0
518image25.jpg,1
image1224.jpg,1
image0543.jpg,1
image0123.jpg,1
image2720.jpg,0
559image5.jpg,0
image2646.jpg,0
image2972.jpg,1
image2798.jpg,0
image3835.jpg,1
image2945.jpg,0
image0712.jpg,1
image0242.jpg,1
63image0103.jpg,1
image1934.jpg,1
image3455.jpg,0
image3390.jpg,0
image3185.jpg,1
image0295.jpg,0
image0601.jpg,1
image0265.jpg,1
image3787.jpg,1
image3204.jpg,0
image0865.jpg,0
image0877.jpg,1
image2851.jpg,1
image0584.jpg,1
image1831.jpg,0
image0604.jpg,1
image3126.jpg,0
190image4.jpg,1
93image33.jpg,0
image3830.jpg,1
image3441.jpg,1
image2616.jpg,1
571image21.jpg,1
image0199.jpg,0
image2818.jpg,0
image1037.jpg,1
image1961.jpg,1
image0920.jpg,1
image3457.jpg,0
image1055.jpg,1
image3015.jpg,0
image0688.jpg,1
image0872.jpg,1
25image10.jpg,0
image2525.jpg,1
153image45.jpg,1
image3038.jpg,0
96image6.jpg,0
image2811.jpg,0
image0116.jpg,1
93image3.jpg,0
image0774.jpg,1
image1032.jpg,1
148image64.jpg,1
539image6.jpg,0
image3138.jpg,0
image2695.jpg,1
image2717.jpg,0
577image7.jpg,0
image2856.jpg,0
image3584.jpg,0
image0349.jpg,0
image1947.jpg,1
image3423.jpg,1
image3474.jpg,0
109image0071.jpg,1
image2718.jpg,0
image0977.jpg,1
image0495.jpg,1
image1945.jpg,1
217image4.jpg,1
image0675.jpg,1
image0122.jpg,1
94image88.jpg,1
image2844.jpg,1
208image47.jpg,1
image1782.jpg,1
image3652.jpg,1
normal_7.jpg,0
image0773.jpg,1
image0117.jpg,1
202image3.jpg,1
91image28.jpg,1
image3299.jpg,1
image3754.jpg,1
image1147.jpg,1
image0620.jpg,1
image2934.jpg,0
image1713.jpg,1
image2938.jpg,0
image3567.jpg,1
image3790.jpg,1
image2700.jpg,0
image3798.jpg,1
image3770.jpg,1
image3395.jpg,0
206image97.jpg,1
image3387.jpg,1
image3641.jpg,0
image0582.jpg,1
image1975.jpg,1
image0879.jpg,1
89image41.jpg,1
292image0.jpg,1
image0394.jpg,1
image0654.jpg,1
69image6.jpg,1
image1655.jpg,0
image1674.jpg,1
image2144.jpg,1
image1464.jpg,1
image2624.jpg,0
image3275.jpg,0
image3253.jpg,0
image1859.jpg,1
image0657.jpg,0
image0539.jpg,1
97image16.jpg,0
98image48.jpg,0
100image71.jpg,1
image0299.jpg,1
70image0095.jpg,1
image1152.jpg,1
image3179.jpg,1
563image20.jpg,0
image2381.jpg,1
image3152.jpg,1
image0898.jpg,1
image0506.jpg,1
image0347.jpg,0
933image13.jpg,1
image2591.jpg,1
94image21.jpg,0
119image5.jpg,1
image2171.jpg,1
image1469.jpg,1
32image0025.jpg,1
image3635.jpg,1
239image1.jpg,0
96image0.jpg,1
image2560.jpg,1
image1658.jpg,0
image0302.jpg,1
image0410.jpg,1
13image0020.jpg,1
image3437.jpg,1
46image0044.jpg,1
image2468.jpg,1
image1042.jpg,1
image0816.jpg,1
pco_14.jpg,0
image2958.jpg,0
image0906.jpg,1
image0537.jpg,1
image2950.jpg,0
image0284.jpg,0
image0907.jpg,1
image3824.jpg,1
180image10.jpg,1
image1120.jpg,1
image2731.jpg,0
image3475.jpg,0
99image0088.jpg,1
63image0070.jpg,1
image1381.jpg,1
image0550.jpg,1
image2246.jpg,0
image2864.jpg,1
image3106.jpg,0
91image78.jpg,0
image2783.jpg,0
image1108.jpg,1
image0645.jpg,1
image0505.jpg,1
93image62.jpg,1
image0282.jpg,1
image0253.jpg,1
image0530.jpg,1
image3613.jpg,1
image3466.jpg,0
image0975.jpg,1
image0835.jpg,1
image0758.jpg,0
95image0061.jpg,1
image0944.jpg,1
image0683.jpg,1
image3149.jpg,1
image1110.jpg,1
image1803.jpg,1
image2747.jpg,0
89image6.jpg,1
image3649.jpg,1
image0319.jpg,1
image0942.jpg,0
image3703.jpg,1
image0722.jpg,1
image2800.jpg,0
image0075.jpg,1
image2947.jpg,0
63image33.jpg,1
image0252.jpg,1
image2629.jpg,1
image0205.jpg,0
image0662.jpg,1
image1640.jpg,1
image2585.jpg,1
image0519.jpg,1
image3068.jpg,0
image3736.jpg,1
image1490.jpg,1
image3321.jpg,0
image2853.jpg,0
image0056.jpg,1
image1023.jpg,1
image0217.jpg,1
image3288.jpg,1
image0443.jpg,1
image1062.jpg,1
image1659.jpg,0
image3020.jpg,0
23image2.jpg,1
image2411.jpg,1
image3232.jpg,1
image2981.jpg,1
image3281.jpg,0
image3651.jpg,1
image2115.jpg,0
image1709.jpg,1
image0836.jpg,1
image0705.jpg,1
image3745.jpg,1
image0795.jpg,1
124image42.jpg,1
image1758.jpg,1
image3388.jpg,1
image0646.jpg,1
image0676.jpg,1
237image0.jpg,1
image1114.jpg,1
image0257.jpg,1
image1158.jpg,1
image2802.jpg,0
image2890.jpg,0
99image34.jpg,1
236image9.jpg,1
image2920.jpg,0
image3667.jpg,1
image1694.jpg,0
image3608.jpg,1
image2576.jpg,1
image1563.jpg,1
93image41.jpg,0
pco_5.jpg,1
image3329.jpg,0
image0616.jpg,1
290image29.jpg,1
image2694.jpg,1
image3132.jpg,0
image3458.jpg,0
image2942.jpg,0
image3202.jpg,1
image0114.jpg,1
image3164.jpg,0
image2944.jpg,0
image0118.jpg,1
image2645.jpg,1
image2521.jpg,0
image3774.jpg,1
image0333.jpg,1
image1067.jpg,1
image1143.jpg,1
image3139.jpg,0
image3066.jpg,0
image2742.jpg,0
image3645.jpg,0
97image55.jpg,1
image2397.jpg,1
image0207.jpg,0
image3236.jpg,0
image3625.jpg,0
image2470.jpg,0
658image7.jpg,1
image3270.jpg,0
image3089.jpg,0
image1964.jpg,1
image0424.jpg,1
image1829.jpg,1
image2714.jpg,0
image2767.jpg,0
image1107.jpg,1
image1191.jpg,1
2818image10.jpg,1
image0969.jpg,1
image0563.jpg,1
image0342.jpg,1
image3225.jpg,1
6image57.jpg,0
image1839.jpg,1
image0382.jpg,1
image2854.jpg,0
image3485.jpg,0
119image50.jpg,1
image1646.jpg,1
image0769.jpg,1
image3621.jpg,0
image0320.jpg,0
image0484.jpg,1
image1034.jpg,1
image3739.jpg,1
image1182.jpg,1
image3753.jpg,1
image3500.jpg,1
97image34.jpg,1
normal_4.jpg,0
image0532.jpg,1
146image63.jpg,1
image1118.jpg,1
image2754.jpg,0
image3837.jpg,1
image1696.jpg,1
22image73.jpg,1
image3560.jpg,0
image3115.jpg,1
image3408.jpg,1
image2845.jpg,1
204image23.jpg,1
97image0067.jpg,1
image1688.jpg,1
image1060.jpg,1
image0216.jpg,1
image0893.jpg,1
image0364.jpg,1
image3369.jpg,1
image0808.jpg,1
image2650.jpg,1
image2807.jpg,0
image0423.jpg,0
image1873.jpg,1
image1383.jpg,1
image1969.jpg,1
image1073.jpg,1
image3577.jpg,1
image1063.jpg,1
image0613.jpg,1
image3191.jpg,1
image2926.jpg,0
image1385.jpg,1
image3633.jpg,1
image0447.jpg,1
image3772.jpg,1
image0629.jpg,1
image0884.jpg,1
image0697.jpg,1
image2106.jpg,1
image1840.jpg,1
248image23.jpg,1
112image88.jpg,1
image0069.jpg,1
image1154.jpg,1
image2746.jpg,0
132image95.jpg,1
image3504.jpg,1
45image0029.jpg,1
image2512.jpg,0
image2385.jpg,1
image3639.jpg,0
image0281.jpg,1
image1801.jpg,1
normal_29.jpg,0
image3045.jpg,0
95image64.jpg,1
image0628.jpg,1
image0566.jpg,1
image0852.jpg,1
image2959.jpg,0
image1862.jpg,1
image3512.jpg,0
image2564.jpg,1
image3228.jpg,1
image0895.jpg,1
image0544.jpg,1
image3631.jpg,0
93image79.jpg,1
25image0002.jpg,1
image3355.jpg,0
image2280.jpg,1
image3078.jpg,0
image3123.jpg,0
image3735.jpg,1
image0402.jpg,1
image3193.jpg,1
116image29.jpg,1
image3778.jpg,1
image0854.jpg,1
image2967.jpg,1
53image0012.jpg,1
image3144.jpg,1
image2664.jpg,1
image2592.jpg,1
image0713.jpg,1
27image0026.jpg,1
image0617.jpg,1
image3121.jpg,0
image0664.jpg,1
49image0023.jpg,1
image0839.jpg,1
image0529.jpg,1
132image0110.jpg,1
image0716.jpg,1
image0093.jpg,1
113image0112.jpg,1
image2989.jpg,0
image0970.jpg,1
image3087.jpg,0
96image23.jpg,0
image3562.jpg,1
image0389.jpg,1
image3223.jpg,1
image1084.jpg,1
image2168.jpg,1
image1880.jpg,1
image0420.jpg,1
image2467.jpg,1
12image0000.jpg,1
5image42.jpg,0
image0392.jpg,1
image1680.jpg,1
image2089.jpg,1
image3056.jpg,1
image1668.jpg,0
image2537.jpg,1
image1395.jpg,1
image1242.jpg,1
image0815.jpg,1
image1088.jpg,1
image3582.jpg,1
image2400.jpg,1
image0844.jpg,1
image1817.jpg,0
image2750.jpg,0
image2810.jpg,1
image3383.jpg,1
125image0.jpg,1
image2990.jpg,0
image0908.jpg,1
image3442.jpg,1
image1868.jpg,1
4image7.jpg,1
image2850.jpg,1
93image50.jpg,0
image3051.jpg,1
image3176.jpg,1
image3091.jpg,1
image1089.jpg,1
image2780.jpg,0
image2520.jpg,1
image2116.jpg,1
image0586.jpg,1
image2426.jpg,0
normal_33.jpg,0
image3486.jpg,0
image0448.jpg,1
image2433.jpg,0
image0528.jpg,1
image1181.jpg,0
image2137.jpg,1
image0693.jpg,1
image2172.jpg,1
image2975.jpg,0
image0882.jpg,1
146image10.jpg,0
image2847.jpg,1
image3308.jpg,0
image3196.jpg,1
image3513.jpg,0
180image49.jpg,1
image1162.jpg,0
109image78.jpg,1
image1047.jpg,1
image0597.jpg,1
image0292.jpg,0
52image0001.jpg,1
image2561.jpg,1
image2923.jpg,0
image0452.jpg,1
image3543.jpg,0
92image26.jpg,1
image0337.jpg,1
19image69.jpg,1
image0476.jpg,1
image2840.jpg,1
image0067.jpg,1
124image21.jpg,1
image3356.jpg,1
image2982.jpg,0
image0737.jpg,1
image2903.jpg,0
image0874.jpg,1
image1876.jpg,1
image1277.jpg,1
image0312.jpg,1
image0748.jpg,1
image3122.jpg,0
image2957.jpg,0
image3729.jpg,1
image3716.jpg,1
image0912.jpg,1
image2916.jpg,0
image0101.jpg,1
image3041.jpg,0
image0878.jpg,1
image2615.jpg,1
image0897.jpg,1
image3465.jpg,0
image3696.jpg,0
image0858.jpg,1
image0308.jpg,1
image3551.jpg,0
55image16.jpg,1
image1292.jpg,1
image0922.jpg,1
149image12.jpg,1
image3201.jpg,0
55image7.jpg,1
image3553.jpg,1
image2722.jpg,1
image3432.jpg,1
image2872.jpg,0
image0499.jpg,1
image0409.jpg,1
image1010.jpg,1
image3363.jpg,1
image3747.jpg,0
60image0063.jpg,1
image0725.jpg,1
image0937.jpg,1
115image72.jpg,1
image1799.jpg,1
image3207.jpg,1
image1820.jpg,0
image1692.jpg,1
image1125.jpg,1
image1122.jpg,0
image1038.jpg,1
image0363.jpg,1
image3597.jpg,1
image1127.jpg,1
image0973.jpg,1
image1009.jpg,1
image0047.jpg,1
14image5.jpg,1
image0317.jpg,1
image3381.jpg,1
190image19.jpg,1
image3555.jpg,1
image0305.jpg,1
image0318.jpg,0
image2423.jpg,0
9image25.jpg,0
image0369.jpg,1
image2558.jpg,1
65image0094.jpg,0
image2688.jpg,1
image0778.jpg,1
image0523.jpg,1
image0387.jpg,1
image1605.jpg,1
image0366.jpg,1
78image39.jpg,1
image2554.jpg,1
image3022.jpg,0
image2611.jpg,1
image1126.jpg,1
image3523.jpg,0
image0741.jpg,1
image0807.jpg,1
image1562.jpg,1
image0592.jpg,1
image2105.jpg,0
image3378.jpg,0
image3181.jpg,1
211image3.jpg,1
image1057.jpg,1
image0475.jpg,1
image3775.jpg,1
image3119.jpg,0
image1748.jpg,1
image1966.jpg,1
image3224.jpg,1
image0733.jpg,1
image0206.jpg,0
image3661.jpg,0
151image55.jpg,1
21image0014.jpg,1
118image62.jpg,1
image0267.jpg,1
94image8.jpg,1
image0549.jpg,1
image0239.jpg,0
10image65.jpg,1
image2457.jpg,1
image3340.jpg,0
image2149.jpg,1
image3574.jpg,0
182image75.jpg,1
image3834.jpg,1
image3370.jpg,1
image3255.jpg,1
image0408.jpg,1
100image83.jpg,1
image0830.jpg,1
88image18.jpg,1
2634image16.jpg,1
64image27.jpg,1
image1836.jpg,0
image0545.jpg,1
image0079.jpg,1
image1828.jpg,0
image1276.jpg,1
image1938.jpg,1
image0921.jpg,1
image0680.jpg,1
image3492.jpg,1
image1173.jpg,1
130image40.jpg,1
image0853.jpg,1
image2894.jpg,0
image3459.jpg,0
image2634.jpg,1
image0901.jpg,1
image1913.jpg,1
192image7.jpg,1
image0670.jpg,1
image3073.jpg,0
image0747.jpg,1
image1278.jpg,1
122image10.jpg,1
image2556.jpg,1
image0818.jpg,1
image3593.jpg,1
image2846.jpg,1
532image27.jpg,1
image0702.jpg,1
image3764.jpg,1
image3070.jpg,0
image3519.jpg,1
image3792.jpg,1
image3840.jpg,1
image2146.jpg,1
image1011.jpg,1
24image4.jpg,1
image0875.jpg,1
1112image12.jpg,0
image0336.jpg,1
image2463.jpg,0
image3105.jpg,0
image0599.jpg,1
image1244.jpg,1
image0794.jpg,1
image2698.jpg,1
image0873.jpg,1
image0574.jpg,1
image3124.jpg,0
184image16.jpg,1
210image89.jpg,1
image1112.jpg,1
171image9.jpg,1
174image13.jpg,0
image3157.jpg,1
image0979.jpg,1
image3097.jpg,0
image0590.jpg,1
image0711.jpg,1
17image45.jpg,0
image2964.jpg,0
106image103.jpg,1
image1030.jpg,1
image2464.jpg,1
image0743.jpg,1
image3707.jpg,1
205image48.jpg,1
image3029.jpg,0
pco_12.jpg,0
image2276.jpg,1
image0477.jpg,1
image2139.jpg,1
image3629.jpg,0
image3728.jpg,1
image0779.jpg,1
image3823.jpg,1
image0441.jpg,1
image2382.jpg,1
image3508.jpg,0
image2430.jpg,0
image0060.jpg,1
image3822.jpg,1
image3768.jpg,1
image3536.jpg,1
image2603.jpg,1
image0909.jpg,1
58image31.jpg,1
image3534.jpg,1
75image0097.jpg,0
image1965.jpg,1
image3325.jpg,0
image1636.jpg,1
image3656.jpg,1
501image31.jpg,1
image0113.jpg,1
image2666.jpg,1
94image57.jpg,1
image3258.jpg,0
image1124.jpg,0
image2899.jpg,0
27image30.jpg,0
image0309.jpg,1
image1198.jpg,1
113image0114.jpg,1
image0885.jpg,1
image3711.jpg,1
image3064.jpg,0
image0607.jpg,1
image3666.jpg,0
image0732.jpg,1
image3587.jpg,1
image2997.jpg,0
73image32.jpg,1
image0395.jpg,1
46image10.jpg,1
image2649.jpg,1
image1085.jpg,1
image0982.jpg,1
image0883.jpg,1
173image71.jpg,0
image1656.jpg,0
image3450.jpg,1
image2881.jpg,0
image0086.jpg,1
