conjunto,versao,n_samples,n_normal,n_pcos,grupos_rotulo_conflitante_descartados,iguais_a_imagem_do_treino,auc_roc,f1_score,accuracy,sensitivity,specificity,tn,fp,fn,tp
PCOSGen-test,original,1468,417,1051,0,0,0.9599251141427485,0.9404035664007508,0.9134877384196185,0.9533777354900095,0.8129496402877698,339,78,49,1002
PCOSGen-test,sem duplicatas,1446,411,1035,1,0,0.9595871974799299,0.9403910348116357,0.9135546334716459,0.9526570048309179,0.8150851581508516,335,76,49,986
PCOSGen-test,sem duplicatas e sem imagens do treino,1446,411,1035,1,0,0.9595871974799299,0.9403910348116357,0.9135546334716459,0.9526570048309179,0.8150851581508516,335,76,49,986
Kaggle,original,3856,2288,1568,0,0,0.7163823899314972,0.5637712371380713,0.5272302904564315,0.7512755102040817,0.3736888111888112,855,1433,390,1178
Kaggle,sem duplicatas,1921,1142,779,1,0,0.7171032960214384,0.56388088376561,0.5273295158771473,0.7535301668806161,0.37302977232924694,426,716,192,587
Kaggle,sem duplicatas e sem imagens do treino,1921,1142,779,1,0,0.7171032960214384,0.56388088376561,0.5273295158771473,0.7535301668806161,0.37302977232924694,426,716,192,587
Figshare,original,11784,5000,6784,0,2494,0.6802297759433963,0.6888857704181869,0.6237270875763747,0.7236143867924528,0.4882,2441,2559,1875,4909
Figshare,sem duplicatas,3996,812,3184,0,2254,0.6554837766418299,0.7619871905833477,0.6559059059059059,0.6912688442211056,0.5172413793103449,420,392,983,2201
Figshare,sem duplicatas e sem imagens do treino,1742,812,930,0,0,0.7242438688489856,0.7007371007371007,0.6504018369690011,0.7666666666666667,0.5172413793103449,420,392,217,713
