epoch,train_loss,train_acc,train_auc,train_f1,val_loss,val_acc,val_auc,val_f1,lr,time_sec
1,0.3191455498337746,0.62890625,0.7427967289508348,0.6915584415584416,0.2793677434325218,0.653125,0.7999975926527763,0.7,0.0001,53.6072838306427
2,0.2880749523639679,0.640234375,0.7967538182837541,0.6902119071644803,0.2640224754810333,0.6609375,0.8309440412137844,0.7047619047619048,0.0001,52.95195126533508
3,0.27233381699770687,0.6578125,0.8146862632211936,0.7135382603008502,0.2748828664422035,0.6640625,0.8031271440436212,0.7189542483660131,0.0001,55.35963225364685
4,0.27013263292610645,0.663671875,0.8244471137180905,0.7142383006969798,0.2642018049955368,0.7,0.8279589306563633,0.7569620253164557,0.0001,53.24375867843628
5,0.26804564483463766,0.68125,0.8293671008171595,0.7354085603112841,0.2750235475599766,0.634375,0.8123713573827321,0.6722689075630253,0.0001,52.941023111343384
6,0.2582009144127369,0.69375,0.8402703468481638,0.748395378690629,0.27068925127387045,0.653125,0.8038734216829764,0.7063492063492064,0.0001,52.79133152961731
7,0.25402071606367826,0.7140625,0.8477675059305099,0.7702448210922788,0.27115087062120435,0.6421875,0.8003948049446912,0.6998689384010485,0.0001,52.79678249359131
8,0.2489156171679497,0.70546875,0.8472957779593018,0.7640801001251565,0.26435971036553385,0.690625,0.8346633926744425,0.7468030690537084,0.0001,52.804633140563965
9,0.2521117502823472,0.72421875,0.853390563632034,0.781964175416924,0.2664009191095829,0.690625,0.8244803139180779,0.7428571428571429,0.0001,53.010424852371216
10,0.2502285955473781,0.720703125,0.8514629595579924,0.7778813296054675,0.273634772002697,0.6484375,0.8132620758555109,0.6971736204576043,0.0001,53.39939737319946
11,0.24935953356325627,0.7078125,0.855340774477859,0.7613273771537971,0.2734562449157238,0.671875,0.8203276399571491,0.729381443298969,0.0001,53.439125776290894
12,0.23967546876519918,0.725390625,0.862492049951923,0.7832254085723096,0.28216137960553167,0.6859375,0.8213266890549958,0.7426376440460948,0.0001,53.44466423988342
13,0.24255657903850078,0.725390625,0.8643993079313599,0.7788612771311734,0.3012465417385101,0.6234375,0.8040900829331119,0.665742024965326,0.0001,52.96684718132019
14,0.2420416073873639,0.703125,0.8585320970945777,0.754996776273372,0.29805594235658645,0.6828125,0.8190758194008112,0.7414012738853503,5e-05,52.76982855796814
15,0.22975321263074874,0.73828125,0.8733975566601057,0.7925696594427245,0.30607902705669404,0.684375,0.8150435128010688,0.7443037974683544,5e-05,52.77769494056702
16,0.22490327209234237,0.73203125,0.877042521830606,0.785625,0.29116257205605506,0.7078125,0.8147666678703402,0.7722289890377588,5e-05,52.75913739204407
17,0.21781858671456575,0.7546875,0.8862721131905992,0.8092345078979344,0.300180172175169,0.6984375,0.8213748359994704,0.7608426270136307,5e-05,52.76780557632446
18,0.21869747061282396,0.75,0.8842548355884845,0.803318992009834,0.27991710528731345,0.6796875,0.8161147823156273,0.737516005121639,5e-05,52.75943350791931
19,0.21501032467931508,0.74921875,0.8890015041038826,0.7995003123048094,0.3040717922151089,0.7,0.8158740475932547,0.7635467980295566,5e-05,52.779481649398804
20,0.21123239751905204,0.764453125,0.8919833373020778,0.8159902349710101,0.3561621204018593,0.6609375,0.8008883111255551,0.71334214002642,2.5e-05,52.72001075744629
21,0.20926605304703116,0.746484375,0.8932719232937163,0.7964879272499216,0.3145261399447918,0.671875,0.8066900179347368,0.731457800511509,2.5e-05,52.80678963661194
22,0.20747414752840995,0.75703125,0.8954384055895996,0.809085328422345,0.32617714926600455,0.6875,0.8107584347428352,0.7468354430379747,2.5e-05,52.80028319358826
23,0.2077103049494326,0.758984375,0.8959523328681362,0.8093914118010503,0.34081950709223746,0.6828125,0.80454747890562,0.7440100882723834,2.5e-05,52.77008318901062
